paths,seed,threads,mode,greek,mc_estimate,analytical_value,absolute_error,relative_error,runtime_1_seconds,runtime_2_seconds,runtime_3_seconds,median_runtime_seconds
100000,42,4,antithetic,delta,0.63605593118238435,0.6368306511756191,0.00077471999323475149,0.0012165243488274037,0.0066556100000000002,0.0066923190000000004,0.0066619319999999997,0.0066619319999999997
100000,42,4,antithetic,gamma,0.018949728510976982,0.018762017345846895,0.00018771116513008682,0.010004849780806646,0.0066556100000000002,0.0066923190000000004,0.0066619319999999997,0.0066619319999999997
100000,42,4,antithetic,vega_per_volatility_point,0.37566205958827137,0.37524034691693792,0.00042171267133345181,0.0011238468219058567,0.0066556100000000002,0.0066923190000000004,0.0066619319999999997,0.0066619319999999997
500000,42,4,antithetic,delta,0.63647957258745702,0.6368306511756191,0.00035107858816207926,0.00055129034306682914,0.030773502000000001,0.029537546000000001,0.029942465000000001,0.029942465000000001
500000,42,4,antithetic,gamma,0.018881528406156534,0.018762017345846895,0.00011951106030963846,0.0063698406256986577,0.030773502000000001,0.029537546000000001,0.029942465000000001,0.029942465000000001
500000,42,4,antithetic,vega_per_volatility_point,0.37479494979045569,0.37524034691693792,0.00044539712648222762,0.0011869649149983848,0.030773502000000001,0.029537546000000001,0.029942465000000001,0.029942465000000001
1000000,42,4,antithetic,delta,0.63647916486929468,0.6368306511756191,0.00035148630632442224,0.00055193057318387879,0.058806664000000002,0.057861416999999998,0.057275734000000002,0.057861416999999998
1000000,42,4,antithetic,gamma,0.018786150662847945,0.018762017345846895,2.4133317001049509e-05,0.001286285827168345,0.058806664000000002,0.057861416999999998,0.057275734000000002,0.057861416999999998
1000000,42,4,antithetic,vega_per_volatility_point,0.37572361601354842,0.37524034691693792,0.00048326909661050577,0.0012878921485420137,0.058806664000000002,0.057861416999999998,0.057275734000000002,0.057861416999999998
